Region,Livestock type,Date,Nitrate-N leached kg/yr
Auckland,Beef,1990,3152572.892
Auckland,Beef,1991,3129363.553
Auckland,Beef,1992,2973299.252
Auckland,Beef,1993,2093521.595
Auckland,Beef,1994,2326801.582
Auckland,Beef,1995,2391236.891
Auckland,Beef,1996,2005136.686
Auckland,Beef,1997,0
Auckland,Beef,1998,0
Auckland,Beef,1999,1945534.842
Auckland,Beef,2000,0
Auckland,Beef,2001,0
Auckland,Beef,2002,1876211.637
Auckland,Beef,2003,1960231.187
Auckland,Beef,2004,1807530.717
Auckland,Beef,2005,1827441.543
Auckland,Beef,2006,1608411.568
Auckland,Beef,2007,1706811.764
Auckland,Beef,2008,1560708.32
Auckland,Beef,2009,1469721.614
Auckland,Beef,2010,1458726.57
Auckland,Beef,2011,1310010.443
Auckland,Beef,2012,1278669.126
Auckland,Beef,2013,1260902.877
Auckland,Beef,2014,1298362.228
Auckland,Beef,2015,1211544.929
Auckland,Beef,2016,1324739.446
Auckland,Beef,2017,1218686.265
Auckland,Dairy,1990,4854864.551
Auckland,Dairy,1991,4792031.198
Auckland,Dairy,1992,4792263.68
Auckland,Dairy,1993,3554068.319
Auckland,Dairy,1994,3566558.904
Auckland,Dairy,1995,3718686.208
Auckland,Dairy,1996,3430874.369
Auckland,Dairy,1997,0
Auckland,Dairy,1998,0
Auckland,Dairy,1999,2789078.06
Auckland,Dairy,2000,0
Auckland,Dairy,2001,0
Auckland,Dairy,2002,3172080.421
Auckland,Dairy,2003,3541302.982
Auckland,Dairy,2004,2993048.692
Auckland,Dairy,2005,2578745.895
Auckland,Dairy,2006,2583374.386
Auckland,Dairy,2007,2395487.233
Auckland,Dairy,2008,2449148.142
Auckland,Dairy,2009,1994921.967
Auckland,Dairy,2010,2079988.985
Auckland,Dairy,2011,2742602.936
Auckland,Dairy,2012,2478694.401
Auckland,Dairy,2013,2330899.703
Auckland,Dairy,2014,2115283.872
Auckland,Dairy,2015,2634816.155
Auckland,Dairy,2016,3496032.534
Auckland,Dairy,2017,2796602
Auckland,Deer,1990,123824.0433
Auckland,Deer,1991,132998.9118
Auckland,Deer,1992,114286.9487
Auckland,Deer,1993,87122.27684
Auckland,Deer,1994,77754.83242
Auckland,Deer,1995,63226.81104
Auckland,Deer,1996,63226.81104
Auckland,Deer,1997,0
Auckland,Deer,1998,0
Auckland,Deer,1999,67277.7837
Auckland,Deer,2000,0
Auckland,Deer,2001,0
Auckland,Deer,2002,46445.19253
Auckland,Deer,2003,53281.63876
Auckland,Deer,2004,53836.4409
Auckland,Deer,2005,44423.14506
Auckland,Deer,2006,35009.84921
Auckland,Deer,2007,28207.79155
Auckland,Deer,2008,28061.06701
Auckland,Deer,2009,23709.76757
Auckland,Deer,2010,36651.32993
Auckland,Deer,2011,24285.20285
Auckland,Deer,2012,28994.14334
Auckland,Deer,2013,24917.9524
Auckland,Deer,2014,12826.93382
Auckland,Deer,2015,20186.0862
Auckland,Deer,2016,23209.98713
Auckland,Deer,2017,25869.36929
Auckland,Sheep,1990,1371246.481
Auckland,Sheep,1991,1231897.839
Auckland,Sheep,1992,1039019.891
Auckland,Sheep,1993,674062.9299
Auckland,Sheep,1994,656759.0497
Auckland,Sheep,1995,663501.3006
Auckland,Sheep,1996,527258.7879
Auckland,Sheep,1997,0
Auckland,Sheep,1998,0
Auckland,Sheep,1999,631236.3208
Auckland,Sheep,2000,0
Auckland,Sheep,2001,0
Auckland,Sheep,2002,485453.9317
Auckland,Sheep,2003,476393.9497
Auckland,Sheep,2004,428724.8909
Auckland,Sheep,2005,419513.2939
Auckland,Sheep,2006,387290.5026
Auckland,Sheep,2007,379154.7125
Auckland,Sheep,2008,349345.8949
Auckland,Sheep,2009,339153.4151
Auckland,Sheep,2010,310367.6688
Auckland,Sheep,2011,289982.7091
Auckland,Sheep,2012,270626.0943
Auckland,Sheep,2013,280075.0017
Auckland,Sheep,2014,284682.7778
Auckland,Sheep,2015,317508.0737
Auckland,Sheep,2016,266578.6343
Auckland,Sheep,2017,333650.4516
Bay of Plenty,Beef,1990,2327502.813
Bay of Plenty,Beef,1991,2346738.374
Bay of Plenty,Beef,1992,2374289.86
Bay of Plenty,Beef,1993,2060715.686
Bay of Plenty,Beef,1994,2189320.286
Bay of Plenty,Beef,1995,2219900.576
Bay of Plenty,Beef,1996,2003965.469
Bay of Plenty,Beef,1997,0
Bay of Plenty,Beef,1998,0
Bay of Plenty,Beef,1999,1581938.867
Bay of Plenty,Beef,2000,0
Bay of Plenty,Beef,2001,0
Bay of Plenty,Beef,2002,1790913.039
Bay of Plenty,Beef,2003,1664580.042
Bay of Plenty,Beef,2004,1550654.513
Bay of Plenty,Beef,2005,1439266.271
Bay of Plenty,Beef,2006,1560033.177
Bay of Plenty,Beef,2007,1590693.173
Bay of Plenty,Beef,2008,1364050.979
Bay of Plenty,Beef,2009,1455167.491
Bay of Plenty,Beef,2010,1100465.35
Bay of Plenty,Beef,2011,1113125.218
Bay of Plenty,Beef,2012,1240175.564
Bay of Plenty,Beef,2013,1235220.547
Bay of Plenty,Beef,2014,1166129.283
Bay of Plenty,Beef,2015,1205782.7
Bay of Plenty,Beef,2016,1229893.572
Bay of Plenty,Beef,2017,1391536.044
Bay of Plenty,Dairy,1990,7967136.059
Bay of Plenty,Dairy,1991,7972894.127
Bay of Plenty,Dairy,1992,7989955.942
Bay of Plenty,Dairy,1993,6324033.715
Bay of Plenty,Dairy,1994,6743357.908
Bay of Plenty,Dairy,1995,7236640.231
Bay of Plenty,Dairy,1996,7519328.311
Bay of Plenty,Dairy,1997,0
Bay of Plenty,Dairy,1998,0
Bay of Plenty,Dairy,1999,8171146.282
Bay of Plenty,Dairy,2000,0
Bay of Plenty,Dairy,2001,0
Bay of Plenty,Dairy,2002,7820824.506
Bay of Plenty,Dairy,2003,7714040.67
Bay of Plenty,Dairy,2004,7573345.593
Bay of Plenty,Dairy,2005,7782264.332
Bay of Plenty,Dairy,2006,7091603.004
Bay of Plenty,Dairy,2007,7056299.442
Bay of Plenty,Dairy,2008,7437889.413
Bay of Plenty,Dairy,2009,7072417.311
Bay of Plenty,Dairy,2010,7242044.319
Bay of Plenty,Dairy,2011,7823797.934
Bay of Plenty,Dairy,2012,7370468.105
Bay of Plenty,Dairy,2013,7425995.699
Bay of Plenty,Dairy,2014,7867195.829
Bay of Plenty,Dairy,2015,8425633.99
Bay of Plenty,Dairy,2016,8003949.934
Bay of Plenty,Dairy,2017,7673687
Bay of Plenty,Deer,1990,346939.2071
Bay of Plenty,Deer,1991,368159.9549
Bay of Plenty,Deer,1992,325552.1428
Bay of Plenty,Deer,1993,240034.6851
Bay of Plenty,Deer,1994,252163.4667
Bay of Plenty,Deer,1995,222337.3822
Bay of Plenty,Deer,1996,209989.9253
Bay of Plenty,Deer,1997,0
Bay of Plenty,Deer,1998,0
Bay of Plenty,Deer,1999,220578.7397
Bay of Plenty,Deer,2000,0
Bay of Plenty,Deer,2001,0
Bay of Plenty,Deer,2002,224918.3672
Bay of Plenty,Deer,2003,221973.95
Bay of Plenty,Deer,2004,209571.0543
Bay of Plenty,Deer,2005,181053.9419
Bay of Plenty,Deer,2006,185298.0915
Bay of Plenty,Deer,2007,167228.1165
Bay of Plenty,Deer,2008,160141.1876
Bay of Plenty,Deer,2009,141840.2175
Bay of Plenty,Deer,2010,138267.4937
Bay of Plenty,Deer,2011,130807.8926
Bay of Plenty,Deer,2012,129837.7133
Bay of Plenty,Deer,2013,118743.7897
Bay of Plenty,Deer,2014,108570.7665
Bay of Plenty,Deer,2015,100134.8262
Bay of Plenty,Deer,2016,100344.2618
Bay of Plenty,Deer,2017,100544.4575
Bay of Plenty,Sheep,1990,1790976.319
Bay of Plenty,Sheep,1991,1575584.364
Bay of Plenty,Sheep,1992,1395310.84
Bay of Plenty,Sheep,1993,1192511.899
Bay of Plenty,Sheep,1994,1012561.566
Bay of Plenty,Sheep,1995,1061640.858
Bay of Plenty,Sheep,1996,939509.0268
Bay of Plenty,Sheep,1997,0
Bay of Plenty,Sheep,1998,0
Bay of Plenty,Sheep,1999,809996.0404
Bay of Plenty,Sheep,2000,0
Bay of Plenty,Sheep,2001,0
Bay of Plenty,Sheep,2002,678013.4196
Bay of Plenty,Sheep,2003,580739.5282
Bay of Plenty,Sheep,2004,667756.1934
Bay of Plenty,Sheep,2005,582492.5933
Bay of Plenty,Sheep,2006,624213.583
Bay of Plenty,Sheep,2007,629035.3281
Bay of Plenty,Sheep,2008,565494.0648
Bay of Plenty,Sheep,2009,540363.5343
Bay of Plenty,Sheep,2010,567988.1834
Bay of Plenty,Sheep,2011,465123.7447
Bay of Plenty,Sheep,2012,527032.7314
Bay of Plenty,Sheep,2013,510238.2375
Bay of Plenty,Sheep,2014,408557.1993
Bay of Plenty,Sheep,2015,494556.9563
Bay of Plenty,Sheep,2016,429909.0095
Bay of Plenty,Sheep,2017,459542.991
Canterbury,Beef,1990,2660018.128
Canterbury,Beef,1991,2821797.924
Canterbury,Beef,1992,2851683.149
Canterbury,Beef,1993,3342391.887
Canterbury,Beef,1994,3769634.062
Canterbury,Beef,1995,4063216.858
Canterbury,Beef,1996,4079766.114
Canterbury,Beef,1997,0
Canterbury,Beef,1998,0
Canterbury,Beef,1999,4292625.503
Canterbury,Beef,2000,0
Canterbury,Beef,2001,0
Canterbury,Beef,2002,4207748.134
Canterbury,Beef,2003,4610532.707
Canterbury,Beef,2004,4430655.285
Canterbury,Beef,2005,4446788.312
Canterbury,Beef,2006,4411625.306
Canterbury,Beef,2007,4868261.557
Canterbury,Beef,2008,4442534.454
Canterbury,Beef,2009,4407587.887
Canterbury,Beef,2010,4048948.536
Canterbury,Beef,2011,4310132.085
Canterbury,Beef,2012,3918760.504
Canterbury,Beef,2013,4102716.968
Canterbury,Beef,2014,3723116.336
Canterbury,Beef,2015,3667791.209
Canterbury,Beef,2016,3874773.448
Canterbury,Beef,2017,3892155.161
Canterbury,Dairy,1990,2107262.835
Canterbury,Dairy,1991,2245038.018
Canterbury,Dairy,1992,2375558.93
Canterbury,Dairy,1993,3156241.45
Canterbury,Dairy,1994,3962658.912
Canterbury,Dairy,1995,4459567.075
Canterbury,Dairy,1996,4591822.298
Canterbury,Dairy,1997,0
Canterbury,Dairy,1998,0
Canterbury,Dairy,1999,5134027.689
Canterbury,Dairy,2000,0
Canterbury,Dairy,2001,0
Canterbury,Dairy,2002,10118867.31
Canterbury,Dairy,2003,10374892.68
Canterbury,Dairy,2004,11182447.71
Canterbury,Dairy,2005,11277797.53
Canterbury,Dairy,2006,12227379.59
Canterbury,Dairy,2007,14078449.22
Canterbury,Dairy,2008,15509330.64
Canterbury,Dairy,2009,17128282.28
Canterbury,Dairy,2010,17500748.94
Canterbury,Dairy,2011,18774236.95
Canterbury,Dairy,2012,22383674.46
Canterbury,Dairy,2013,24329180.13
Canterbury,Dairy,2014,24862564.78
Canterbury,Dairy,2015,23385099.38
Canterbury,Dairy,2016,23703317.53
Canterbury,Dairy,2017,24393331
Canterbury,Deer,1990,269570.6048
Canterbury,Deer,1991,331436.5396
Canterbury,Deer,1992,345188.3383
Canterbury,Deer,1993,366025.3851
Canterbury,Deer,1994,444402.4014
Canterbury,Deer,1995,475749.7759
Canterbury,Deer,1996,477180.8965
Canterbury,Deer,1997,0
Canterbury,Deer,1998,0
Canterbury,Deer,1999,742564.5299
Canterbury,Deer,2000,0
Canterbury,Deer,2001,0
Canterbury,Deer,2002,706261.4285
Canterbury,Deer,2003,754171.3638
Canterbury,Deer,2004,777911.835
Canterbury,Deer,2005,828136.6164
Canterbury,Deer,2006,798021.3096
Canterbury,Deer,2007,677522.3312
Canterbury,Deer,2008,584943.9315
Canterbury,Deer,2009,554699.9269
Canterbury,Deer,2010,548951.421
Canterbury,Deer,2011,525018.761
Canterbury,Deer,2012,500691.4274
Canterbury,Deer,2013,493518.6649
Canterbury,Deer,2014,434542.4269
Canterbury,Deer,2015,417188.8031
Canterbury,Deer,2016,399730.505
Canterbury,Deer,2017,409487.5212
Canterbury,Sheep,1990,10220543.44
Canterbury,Sheep,1991,9873721.496
Canterbury,Sheep,1992,9333024.549
Canterbury,Sheep,1993,9470522.337
Canterbury,Sheep,1994,9559478.803
Canterbury,Sheep,1995,9377824.455
Canterbury,Sheep,1996,9190025.946
Canterbury,Sheep,1997,0
Canterbury,Sheep,1998,0
Canterbury,Sheep,1999,9039854.415
Canterbury,Sheep,2000,0
Canterbury,Sheep,2001,0
Canterbury,Sheep,2002,7608693.495
Canterbury,Sheep,2003,7816205.297
Canterbury,Sheep,2004,7355073.517
Canterbury,Sheep,2005,7455638.671
Canterbury,Sheep,2006,7319127.479
Canterbury,Sheep,2007,7028588.596
Canterbury,Sheep,2008,5946351.289
Canterbury,Sheep,2009,5398543.198
Canterbury,Sheep,2010,5543083.48
Canterbury,Sheep,2011,5461796.182
Canterbury,Sheep,2012,5244857.776
Canterbury,Sheep,2013,5121370.439
Canterbury,Sheep,2014,4871103.516
Canterbury,Sheep,2015,4414319.232
Canterbury,Sheep,2016,4496501.92
Canterbury,Sheep,2017,4387623.27
Gisborne,Beef,1990,3585499.924
Gisborne,Beef,1991,3666442.528
Gisborne,Beef,1992,3772928.584
Gisborne,Beef,1993,3702634.586
Gisborne,Beef,1994,3865443.846
Gisborne,Beef,1995,4002665.65
Gisborne,Beef,1996,4000663.536
Gisborne,Beef,1997,0
Gisborne,Beef,1998,0
Gisborne,Beef,1999,3087611.607
Gisborne,Beef,2000,0
Gisborne,Beef,2001,0
Gisborne,Beef,2002,3408246.843
Gisborne,Beef,2003,3849261.925
Gisborne,Beef,2004,3758649.772
Gisborne,Beef,2005,3307558.116
Gisborne,Beef,2006,3355740.857
Gisborne,Beef,2007,3160435.749
Gisborne,Beef,2008,3158048.613
Gisborne,Beef,2009,2746383.2
Gisborne,Beef,2010,2882966.968
Gisborne,Beef,2011,2992357.189
Gisborne,Beef,2012,2943756.425
Gisborne,Beef,2013,2865178.956
Gisborne,Beef,2014,3052497.61
Gisborne,Beef,2015,2693239.177
Gisborne,Beef,2016,2676155.205
Gisborne,Beef,2017,2719772.686
Gisborne,Dairy,1990,76235.74423
Gisborne,Dairy,1991,79843.56649
Gisborne,Dairy,1992,67441.67747
Gisborne,Dairy,1993,86157.25545
Gisborne,Dairy,1994,127626.7124
Gisborne,Dairy,1995,143943.9086
Gisborne,Dairy,1996,187586.2585
Gisborne,Dairy,1997,0
Gisborne,Dairy,1998,0
Gisborne,Dairy,1999,118176.678
Gisborne,Dairy,2000,0
Gisborne,Dairy,2001,0
Gisborne,Dairy,2002,256913.8431
Gisborne,Dairy,2003,142857.4621
Gisborne,Dairy,2004,147592.7288
Gisborne,Dairy,2005,152307.4965
Gisborne,Dairy,2006,157042.7633
Gisborne,Dairy,2007,161757.531
Gisborne,Dairy,2008,336839.4055
Gisborne,Dairy,2009,240309.6611
Gisborne,Dairy,2010,215956.8608
Gisborne,Dairy,2011,365005.018
Gisborne,Dairy,2012,350430.236
Gisborne,Dairy,2013,396286.4769
Gisborne,Dairy,2014,310621.1972
Gisborne,Dairy,2015,211980.0568
Gisborne,Dairy,2016,244962.9319
Gisborne,Dairy,2017,192834
Gisborne,Deer,1990,47167.76926
Gisborne,Deer,1991,53460.66077
Gisborne,Deer,1992,50414.73604
Gisborne,Deer,1993,52259.91648
Gisborne,Deer,1994,63218.0851
Gisborne,Deer,1995,59293.63416
Gisborne,Deer,1996,61067.21058
Gisborne,Deer,1997,0
Gisborne,Deer,1998,0
Gisborne,Deer,1999,69161.21852
Gisborne,Deer,2000,0
Gisborne,Deer,2001,0
Gisborne,Deer,2002,70921.02494
Gisborne,Deer,2003,87618.53092
Gisborne,Deer,2004,104316.0369
Gisborne,Deer,2005,83669.29398
Gisborne,Deer,2006,75754.29609
Gisborne,Deer,2007,73515.29356
Gisborne,Deer,2008,64060.8093
Gisborne,Deer,2009,62088.94483
Gisborne,Deer,2010,41566.13193
Gisborne,Deer,2011,47357.79531
Gisborne,Deer,2012,47707.55339
Gisborne,Deer,2013,51866.09439
Gisborne,Deer,2014,49216.74575
Gisborne,Deer,2015,35595.4585
Gisborne,Deer,2016,23017.9375
Gisborne,Deer,2017,32659.6938
Gisborne,Sheep,1990,2960261.549
Gisborne,Sheep,1991,2867115.88
Gisborne,Sheep,1992,2822678.32
Gisborne,Sheep,1993,2678028.073
Gisborne,Sheep,1994,2708142.312
Gisborne,Sheep,1995,2715035.605
Gisborne,Sheep,1996,2653723.284
Gisborne,Sheep,1997,0
Gisborne,Sheep,1998,0
Gisborne,Sheep,1999,2084720.009
Gisborne,Sheep,2000,0
Gisborne,Sheep,2001,0
Gisborne,Sheep,2002,2177249.858
Gisborne,Sheep,2003,2424096.381
Gisborne,Sheep,2004,2395504.19
Gisborne,Sheep,2005,2226371.538
Gisborne,Sheep,2006,2377496.321
Gisborne,Sheep,2007,2366687.71
Gisborne,Sheep,2008,2177629.722
Gisborne,Sheep,2009,2007370.444
Gisborne,Sheep,2010,2061097.16
Gisborne,Sheep,2011,1966753.56
Gisborne,Sheep,2012,2006009.158
Gisborne,Sheep,2013,1949073.696
Gisborne,Sheep,2014,2077283.499
Gisborne,Sheep,2015,1908941.69
Gisborne,Sheep,2016,1964375.847
Gisborne,Sheep,2017,1830663.857
Hawkes Bay,Beef,1990,4358422.052
Hawkes Bay,Beef,1991,4581026.067
Hawkes Bay,Beef,1992,4874653.742
Hawkes Bay,Beef,1993,5282157.854
Hawkes Bay,Beef,1994,5330006.553
Hawkes Bay,Beef,1995,5385267.569
Hawkes Bay,Beef,1996,5341201.497
Hawkes Bay,Beef,1997,0
Hawkes Bay,Beef,1998,0
Hawkes Bay,Beef,1999,5526132.18
Hawkes Bay,Beef,2000,0
Hawkes Bay,Beef,2001,0
Hawkes Bay,Beef,2002,5668730.071
Hawkes Bay,Beef,2003,5856474.785
Hawkes Bay,Beef,2004,6248675.062
Hawkes Bay,Beef,2005,5388591.386
Hawkes Bay,Beef,2006,5391609.331
Hawkes Bay,Beef,2007,4469474.264
Hawkes Bay,Beef,2008,5030516.316
Hawkes Bay,Beef,2009,4447461.619
Hawkes Bay,Beef,2010,4630954.701
Hawkes Bay,Beef,2011,4976417.617
Hawkes Bay,Beef,2012,4802304.634
Hawkes Bay,Beef,2013,4422594.162
Hawkes Bay,Beef,2014,4502192.456
Hawkes Bay,Beef,2015,4505699.797
Hawkes Bay,Beef,2016,4433493.429
Hawkes Bay,Beef,2017,4294076.615
Hawkes Bay,Dairy,1990,259283.6153
Hawkes Bay,Dairy,1991,271546.5117
Hawkes Bay,Dairy,1992,327917.5135
Hawkes Bay,Dairy,1993,361084.816
Hawkes Bay,Dairy,1994,607530.7117
Hawkes Bay,Dairy,1995,593121.8084
Hawkes Bay,Dairy,1996,687833.5222
Hawkes Bay,Dairy,1997,0
Hawkes Bay,Dairy,1998,0
Hawkes Bay,Dairy,1999,859399.1068
Hawkes Bay,Dairy,2000,0
Hawkes Bay,Dairy,2001,0
Hawkes Bay,Dairy,2002,1704964.134
Hawkes Bay,Dairy,2003,1779116.335
Hawkes Bay,Dairy,2004,1758690.948
Hawkes Bay,Dairy,2005,1585975.717
Hawkes Bay,Dairy,2006,1521729.637
Hawkes Bay,Dairy,2007,1536694.202
Hawkes Bay,Dairy,2008,1914755.466
Hawkes Bay,Dairy,2009,1798641.166
Hawkes Bay,Dairy,2010,2174077.403
Hawkes Bay,Dairy,2011,1737020.111
Hawkes Bay,Dairy,2012,1782852.686
Hawkes Bay,Dairy,2013,1822151.437
Hawkes Bay,Dairy,2014,1879672.086
Hawkes Bay,Dairy,2015,1566163.475
Hawkes Bay,Dairy,2016,1740833.106
Hawkes Bay,Dairy,2017,1679921
Hawkes Bay,Deer,1990,161910.6108
Hawkes Bay,Deer,1991,212854.6426
Hawkes Bay,Deer,1992,232154.3029
Hawkes Bay,Deer,1993,207046.6349
Hawkes Bay,Deer,1994,255045.7006
Hawkes Bay,Deer,1995,223647.1023
Hawkes Bay,Deer,1996,220749.5662
Hawkes Bay,Deer,1997,0
Hawkes Bay,Deer,1998,0
Hawkes Bay,Deer,1999,236047.867
Hawkes Bay,Deer,2000,0
Hawkes Bay,Deer,2001,0
Hawkes Bay,Deer,2002,273191.9518
Hawkes Bay,Deer,2003,301147.5701
Hawkes Bay,Deer,2004,317732.9462
Hawkes Bay,Deer,2005,258766.7924
Hawkes Bay,Deer,2006,230166.5586
Hawkes Bay,Deer,2007,190599.2367
Hawkes Bay,Deer,2008,182014.4236
Hawkes Bay,Deer,2009,159293.3423
Hawkes Bay,Deer,2010,143525.0541
Hawkes Bay,Deer,2011,136925.8294
Hawkes Bay,Deer,2012,150863.7543
Hawkes Bay,Deer,2013,149512.0019
Hawkes Bay,Deer,2014,114310.3874
Hawkes Bay,Deer,2015,149617.6413
Hawkes Bay,Deer,2016,137680.3961
Hawkes Bay,Deer,2017,111488.3079
Hawkes Bay,Sheep,1990,6003009.975
Hawkes Bay,Sheep,1991,5979834.195
Hawkes Bay,Sheep,1992,5631928.324
Hawkes Bay,Sheep,1993,5475136.713
Hawkes Bay,Sheep,1994,5124017.525
Hawkes Bay,Sheep,1995,5228622.174
Hawkes Bay,Sheep,1996,5251883.273
Hawkes Bay,Sheep,1997,0
Hawkes Bay,Sheep,1998,0
Hawkes Bay,Sheep,1999,5409480.016
Hawkes Bay,Sheep,2000,0
Hawkes Bay,Sheep,2001,0
Hawkes Bay,Sheep,2002,4552820.961
Hawkes Bay,Sheep,2003,4713901.401
Hawkes Bay,Sheep,2004,5174256.549
Hawkes Bay,Sheep,2005,4891151.772
Hawkes Bay,Sheep,2006,5079083.959
Hawkes Bay,Sheep,2007,4354943.594
Hawkes Bay,Sheep,2008,4435246.48
Hawkes Bay,Sheep,2009,4140559.822
Hawkes Bay,Sheep,2010,4121051.598
Hawkes Bay,Sheep,2011,3925765.073
Hawkes Bay,Sheep,2012,3920472.833
Hawkes Bay,Sheep,2013,3600934.039
Hawkes Bay,Sheep,2014,3452275.461
Hawkes Bay,Sheep,2015,3639738.989
Hawkes Bay,Sheep,2016,3451881.307
Hawkes Bay,Sheep,2017,3357804.658
Manawatu,Beef,1990,8066054.612
Manawatu,Beef,1991,8133763.308
Manawatu,Beef,1992,8265923.237
Manawatu,Beef,1993,8304447.723
Manawatu,Beef,1994,9139521.638
Manawatu,Beef,1995,9497277.502
Manawatu,Beef,1996,8675310.997
Manawatu,Beef,1997,0
Manawatu,Beef,1998,0
Manawatu,Beef,1999,8330884.141
Manawatu,Beef,2000,0
Manawatu,Beef,2001,0
Manawatu,Beef,2002,8047329.74
Manawatu,Beef,2003,7747709.62
Manawatu,Beef,2004,7108881.232
Manawatu,Beef,2005,7717096.115
Manawatu,Beef,2006,7776594.675
Manawatu,Beef,2007,7544904.847
Manawatu,Beef,2008,6460956.324
Manawatu,Beef,2009,6755368.935
Manawatu,Beef,2010,6941864.233
Manawatu,Beef,2011,6577327.529
Manawatu,Beef,2012,6421467.895
Manawatu,Beef,2013,6317085.04
Manawatu,Beef,2014,6437234.459
Manawatu,Beef,2015,6285939.705
Manawatu,Beef,2016,6022162.758
Manawatu,Beef,2017,6291734.443
Manawatu,Dairy,1990,4692942.053
Manawatu,Dairy,1991,4704563.845
Manawatu,Dairy,1992,4805463.8
Manawatu,Dairy,1993,5048510.038
Manawatu,Dairy,1994,5664189.17
Manawatu,Dairy,1995,5959790.916
Manawatu,Dairy,1996,5966447.702
Manawatu,Dairy,1997,0
Manawatu,Dairy,1998,0
Manawatu,Dairy,1999,6055928.143
Manawatu,Dairy,2000,0
Manawatu,Dairy,2001,0
Manawatu,Dairy,2002,7664534.918
Manawatu,Dairy,2003,7520807.189
Manawatu,Dairy,2004,7014707.578
Manawatu,Dairy,2005,7553521.062
Manawatu,Dairy,2006,7173973.937
Manawatu,Dairy,2007,7235172.233
Manawatu,Dairy,2008,7824187.444
Manawatu,Dairy,2009,7813080.542
Manawatu,Dairy,2010,8799351.399
Manawatu,Dairy,2011,8697807.832
Manawatu,Dairy,2012,8743301.998
Manawatu,Dairy,2013,8238783.833
Manawatu,Dairy,2014,8849645.07
Manawatu,Dairy,2015,8301140.631
Manawatu,Dairy,2016,9641214.137
Manawatu,Dairy,2017,8515114
Manawatu,Deer,1990,224085.6052
Manawatu,Deer,1991,272687.8472
Manawatu,Deer,1992,273270.3921
Manawatu,Deer,1993,246712.5016
Manawatu,Deer,1994,304713.6083
Manawatu,Deer,1995,293323.1979
Manawatu,Deer,1996,310001.5057
Manawatu,Deer,1997,0
Manawatu,Deer,1998,0
Manawatu,Deer,1999,355087.1658
Manawatu,Deer,2000,0
Manawatu,Deer,2001,0
Manawatu,Deer,2002,348409.212
Manawatu,Deer,2003,322606.7354
Manawatu,Deer,2004,329734.6222
Manawatu,Deer,2005,349616.9271
Manawatu,Deer,2006,277637.1108
Manawatu,Deer,2007,246061.2827
Manawatu,Deer,2008,199905.2556
Manawatu,Deer,2009,180681.2739
Manawatu,Deer,2010,178639.9987
Manawatu,Deer,2011,208316.6357
Manawatu,Deer,2012,175315.2302
Manawatu,Deer,2013,179594.3304
Manawatu,Deer,2014,175327.0706
Manawatu,Deer,2015,147525.944
Manawatu,Deer,2016,111673.3839
Manawatu,Deer,2017,130160.8962
Manawatu,Sheep,1990,11646279.73
Manawatu,Sheep,1991,11177283.47
Manawatu,Sheep,1992,10717670.7
Manawatu,Sheep,1993,10119152
Manawatu,Sheep,1994,9993447.012
Manawatu,Sheep,1995,9955868.837
Manawatu,Sheep,1996,9669130.412
Manawatu,Sheep,1997,0
Manawatu,Sheep,1998,0
Manawatu,Sheep,1999,9319923.378
Manawatu,Sheep,2000,0
Manawatu,Sheep,2001,0
Manawatu,Sheep,2002,8795045.579
Manawatu,Sheep,2003,8731862.792
Manawatu,Sheep,2004,8392922.258
Manawatu,Sheep,2005,9029257.635
Manawatu,Sheep,2006,9205634.541
Manawatu,Sheep,2007,9040454.042
Manawatu,Sheep,2008,7928042.246
Manawatu,Sheep,2009,7727518.566
Manawatu,Sheep,2010,7766231.656
Manawatu,Sheep,2011,7679034.747
Manawatu,Sheep,2012,7520650.343
Manawatu,Sheep,2013,7329143.013
Manawatu,Sheep,2014,7140245.855
Manawatu,Sheep,2015,7394974.83
Manawatu,Sheep,2016,6753451.267
Manawatu,Sheep,2017,6782262.318
Marlborough,Beef,1990,778458.8032
Marlborough,Beef,1991,778458.8032
Marlborough,Beef,1992,778458.8032
Marlborough,Beef,1993,778458.8032
Marlborough,Beef,1994,911779.7771
Marlborough,Beef,1995,984006.0197
Marlborough,Beef,1996,968417.0053
Marlborough,Beef,1997,0
Marlborough,Beef,1998,0
Marlborough,Beef,1999,1041120.838
Marlborough,Beef,2000,0
Marlborough,Beef,2001,0
Marlborough,Beef,2002,887569.6581
Marlborough,Beef,2003,856661.0388
Marlborough,Beef,2004,821245.933
Marlborough,Beef,2005,779083.3434
Marlborough,Beef,2006,830638.5285
Marlborough,Beef,2007,805387.5091
Marlborough,Beef,2008,696288.9001
Marlborough,Beef,2009,720743.9368
Marlborough,Beef,2010,745186.7276
Marlborough,Beef,2011,625801.5734
Marlborough,Beef,2012,736308.4594
Marlborough,Beef,2013,736859.5244
Marlborough,Beef,2014,734349.1175
Marlborough,Beef,2015,664535.3146
Marlborough,Beef,2016,662049.3995
Marlborough,Beef,2017,642272.2917
Marlborough,Dairy,1990,336731.9979
Marlborough,Dairy,1991,336731.9979
Marlborough,Dairy,1992,336731.9979
Marlborough,Dairy,1993,336731.9979
Marlborough,Dairy,1994,420808.1602
Marlborough,Dairy,1995,446579.1298
Marlborough,Dairy,1996,463301.4604
Marlborough,Dairy,1997,0
Marlborough,Dairy,1998,0
Marlborough,Dairy,1999,613486.5699
Marlborough,Dairy,2000,0
Marlborough,Dairy,2001,0
Marlborough,Dairy,2002,604345.0291
Marlborough,Dairy,2003,524579.512
Marlborough,Dairy,2004,498529.8369
Marlborough,Dairy,2005,568633.563
Marlborough,Dairy,2006,479057.6119
Marlborough,Dairy,2007,444052.1998
Marlborough,Dairy,2008,623259.8431
Marlborough,Dairy,2009,552988.8937
Marlborough,Dairy,2010,482717.9443
Marlborough,Dairy,2011,557633.9855
Marlborough,Dairy,2012,617202.6433
Marlborough,Dairy,2013,516738.597
Marlborough,Dairy,2014,760773.142
Marlborough,Dairy,2015,502413.1337
Marlborough,Dairy,2016,467259.0786
Marlborough,Dairy,2017,470362
Marlborough,Deer,1990,38846.63969
Marlborough,Deer,1991,38846.63969
Marlborough,Deer,1992,38846.63969
Marlborough,Deer,1993,38846.63969
Marlborough,Deer,1994,41408.75687
Marlborough,Deer,1995,36527.27263
Marlborough,Deer,1996,37140.76839
Marlborough,Deer,1997,0
Marlborough,Deer,1998,0
Marlborough,Deer,1999,46585.95488
Marlborough,Deer,2000,0
Marlborough,Deer,2001,0
Marlborough,Deer,2002,50408.16587
Marlborough,Deer,2003,47954.18283
Marlborough,Deer,2004,45500.1998
Marlborough,Deer,2005,40259.00402
Marlborough,Deer,2006,35017.80825
Marlborough,Deer,2007,29302.14633
Marlborough,Deer,2008,23588.69122
Marlborough,Deer,2009,17873.0293
Marlborough,Deer,2010,18894.78663
Marlborough,Deer,2011,18535.07509
Marlborough,Deer,2012,18173.15673
Marlborough,Deer,2013,17813.44518
Marlborough,Deer,2014,15688.27822
Marlborough,Deer,2015,15721.38051
Marlborough,Deer,2016,14567.21403
Marlborough,Deer,2017,13410.84073
Marlborough,Sheep,1990,1392597.156
Marlborough,Sheep,1991,1392597.156
Marlborough,Sheep,1992,1392597.156
Marlborough,Sheep,1993,1392597.156
Marlborough,Sheep,1994,1334720.136
Marlborough,Sheep,1995,1299621.732
Marlborough,Sheep,1996,1253305.865
Marlborough,Sheep,1997,0
Marlborough,Sheep,1998,0
Marlborough,Sheep,1999,1318847.476
Marlborough,Sheep,2000,0
Marlborough,Sheep,2001,0
Marlborough,Sheep,2002,1096898.479
Marlborough,Sheep,2003,1035317.699
Marlborough,Sheep,2004,943451.5871
Marlborough,Sheep,2005,891404.7417
Marlborough,Sheep,2006,906172.2814
Marlborough,Sheep,2007,808659.0173
Marlborough,Sheep,2008,723045.0093
Marlborough,Sheep,2009,721459.2801
Marlborough,Sheep,2010,729541.6091
Marlborough,Sheep,2011,594192.9863
Marlborough,Sheep,2012,764475.1533
Marlborough,Sheep,2013,724226.9713
Marlborough,Sheep,2014,760839.8517
Marlborough,Sheep,2015,633161.408
Marlborough,Sheep,2016,606659.4722
Marlborough,Sheep,2017,654825.1232
Northland,Beef,1990,6278070.525
Northland,Beef,1991,6466227.528
Northland,Beef,1992,6230545.95
Northland,Beef,1993,6179976.833
Northland,Beef,1994,6089849.872
Northland,Beef,1995,6237653.42
Northland,Beef,1996,5775201.123
Northland,Beef,1997,0
Northland,Beef,1998,0
Northland,Beef,1999,5764423.228
Northland,Beef,2000,0
Northland,Beef,2001,0
Northland,Beef,2002,4969203.437
Northland,Beef,2003,5072834.59
Northland,Beef,2004,4793288.255
Northland,Beef,2005,4978008.213
Northland,Beef,2006,5206359.549
Northland,Beef,2007,5259877.736
Northland,Beef,2008,5384067.511
Northland,Beef,2009,5147409.982
Northland,Beef,2010,4934588.998
Northland,Beef,2011,4269085.835
Northland,Beef,2012,4038729.556
Northland,Beef,2013,4204821.578
Northland,Beef,2014,3711266.144
Northland,Beef,2015,3761326.07
Northland,Beef,2016,3785236.871
Northland,Beef,2017,4062470.627
Northland,Dairy,1990,7315509.255
Northland,Dairy,1991,7187908.207
Northland,Dairy,1992,7158486.213
Northland,Dairy,1993,7051107.829
Northland,Dairy,1994,7069228.923
Northland,Dairy,1995,7831048.419
Northland,Dairy,1996,7974668.99
Northland,Dairy,1997,0
Northland,Dairy,1998,0
Northland,Dairy,1999,7665579.44
Northland,Dairy,2000,0
Northland,Dairy,2001,0
Northland,Dairy,2002,8037260.119
Northland,Dairy,2003,7415353.705
Northland,Dairy,2004,7911899.425
Northland,Dairy,2005,6804232.712
Northland,Dairy,2006,7497295.149
Northland,Dairy,2007,7279822.2
Northland,Dairy,2008,7775674.005
Northland,Dairy,2009,7783287.243
Northland,Dairy,2010,7004853.441
Northland,Dairy,2011,7625847.852
Northland,Dairy,2012,7886125.441
Northland,Dairy,2013,7594542.374
Northland,Dairy,2014,6995336.893
Northland,Dairy,2015,7546146.762
Northland,Dairy,2016,8017989.109
Northland,Dairy,2017,7522058
Northland,Deer,1990,35521.21962
Northland,Deer,1991,43095.56071
Northland,Deer,1992,38586.31294
Northland,Deer,1993,38636.11137
Northland,Deer,1994,45169.66529
Northland,Deer,1995,38598.76255
Northland,Deer,1996,28146.07224
Northland,Deer,1997,0
Northland,Deer,1998,0
Northland,Deer,1999,68614.76581
Northland,Deer,2000,0
Northland,Deer,2001,0
Northland,Deer,2002,58294.04133
Northland,Deer,2003,47114.29396
Northland,Deer,2004,41696.22485
Northland,Deer,2005,31684.25064
Northland,Deer,2006,21669.78651
Northland,Deer,2007,18838.7458
Northland,Deer,2008,16343.8445
Northland,Deer,2009,13933.60052
Northland,Deer,2010,16590.34672
Northland,Deer,2011,8649.987169
Northland,Deer,2012,12843.01492
Northland,Deer,2013,11812.18743
Northland,Deer,2014,7297.959813
Northland,Deer,2015,11822.14711
Northland,Deer,2016,12011.38115
Northland,Deer,2017,12232.98416
Northland,Sheep,1990,1625847.156
Northland,Sheep,1991,1405641.04
Northland,Sheep,1992,1184863.087
Northland,Sheep,1993,1070135.065
Northland,Sheep,1994,1023226.866
Northland,Sheep,1995,980474.8517
Northland,Sheep,1996,887712.8965
Northland,Sheep,1997,0
Northland,Sheep,1998,0
Northland,Sheep,1999,733672.6769
Northland,Sheep,2000,0
Northland,Sheep,2001,0
Northland,Sheep,2002,656278.6739
Northland,Sheep,2003,666169.5624
Northland,Sheep,2004,621299.8673
Northland,Sheep,2005,699694.2702
Northland,Sheep,2006,660854.6237
Northland,Sheep,2007,671690.6136
Northland,Sheep,2008,633778.4736
Northland,Sheep,2009,539664.219
Northland,Sheep,2010,541347.0525
Northland,Sheep,2011,503316.7748
Northland,Sheep,2012,554185.099
Northland,Sheep,2013,536999.8374
Northland,Sheep,2014,416310.8894
Northland,Sheep,2015,479156.3631
Northland,Sheep,2016,460230.4559
Northland,Sheep,2017,412266.5591
Otago,Beef,1990,1788224.815
Otago,Beef,1991,1803684.709
Otago,Beef,1992,1817793.665
Otago,Beef,1993,1806060.235
Otago,Beef,1994,2052378.779
Otago,Beef,1995,2158063.134
Otago,Beef,1996,2153023.678
Otago,Beef,1997,0
Otago,Beef,1998,0
Otago,Beef,1999,2219553.592
Otago,Beef,2000,0
Otago,Beef,2001,0
Otago,Beef,2002,2027098.019
Otago,Beef,2003,2068536.911
Otago,Beef,2004,1972605.117
Otago,Beef,2005,2139051.334
Otago,Beef,2006,2111933.905
Otago,Beef,2007,2218840.176
Otago,Beef,2008,2210332.3
Otago,Beef,2009,2212996.229
Otago,Beef,2010,2132638.172
Otago,Beef,2011,2036440.744
Otago,Beef,2012,2203987.444
Otago,Beef,2013,2098849.537
Otago,Beef,2014,2225640.404
Otago,Beef,2015,2069561.499
Otago,Beef,2016,1944273.361
Otago,Beef,2017,1994705.859
Otago,Dairy,1990,656199.3788
Otago,Dairy,1991,696463.263
Otago,Dairy,1992,749453.8924
Otago,Dairy,1993,837266.9355
Otago,Dairy,1994,1231796.038
Otago,Dairy,1995,1315666.638
Otago,Dairy,1996,1449484.841
Otago,Dairy,1997,0
Otago,Dairy,1998,0
Otago,Dairy,1999,1869137.648
Otago,Dairy,2000,0
Otago,Dairy,2001,0
Otago,Dairy,2002,3070038.725
Otago,Dairy,2003,2720495.444
Otago,Dairy,2004,2612100.75
Otago,Dairy,2005,2422668.619
Otago,Dairy,2006,2709252.736
Otago,Dairy,2007,3271837.835
Otago,Dairy,2008,3491310.481
Otago,Dairy,2009,3853235.731
Otago,Dairy,2010,3933703.538
Otago,Dairy,2011,4614262.117
Otago,Dairy,2012,5040900.393
Otago,Dairy,2013,5505808.846
Otago,Dairy,2014,5647481.954
Otago,Dairy,2015,5770941.876
Otago,Dairy,2016,4678270.6
Otago,Dairy,2017,5004504
Otago,Deer,1990,97727.87727
Otago,Deer,1991,118256.5819
Otago,Deer,1992,122675.4338
Otago,Deer,1993,115947.4703
Otago,Deer,1994,149387.9163
Otago,Deer,1995,147977.6097
Otago,Deer,1996,161827.3766
Otago,Deer,1997,0
Otago,Deer,1998,0
Otago,Deer,1999,246847.7863
Otago,Deer,2000,0
Otago,Deer,2001,0
Otago,Deer,2002,321450.2298
Otago,Deer,2003,319167.2653
Otago,Deer,2004,337352.5403
Otago,Deer,2005,324720.2455
Otago,Deer,2006,315055.6412
Otago,Deer,2007,307396.189
Otago,Deer,2008,272674.5375
Otago,Deer,2009,271968.567
Otago,Deer,2010,275681.4485
Otago,Deer,2011,264593.464
Otago,Deer,2012,250397.2487
Otago,Deer,2013,234073.3169
Otago,Deer,2014,227043.0282
Otago,Deer,2015,206220.1692
Otago,Deer,2016,183421.5736
Otago,Deer,2017,189124.8994
Otago,Sheep,1990,7573423.917
Otago,Sheep,1991,7419300.008
Otago,Sheep,1992,7471616.428
Otago,Sheep,1993,6918237.352
Otago,Sheep,1994,6959452.87
Otago,Sheep,1995,6818319.205
Otago,Sheep,1996,6668779.658
Otago,Sheep,1997,0
Otago,Sheep,1998,0
Otago,Sheep,1999,6898438.009
Otago,Sheep,2000,0
Otago,Sheep,2001,0
Otago,Sheep,2002,5578630.024
Otago,Sheep,2003,5418522.746
Otago,Sheep,2004,5378914.945
Otago,Sheep,2005,5637069.257
Otago,Sheep,2006,5467003.067
Otago,Sheep,2007,5496829.679
Otago,Sheep,2008,4869978.669
Otago,Sheep,2009,4813790.604
Otago,Sheep,2010,4852188.06
Otago,Sheep,2011,4742250.847
Otago,Sheep,2012,4869491.979
Otago,Sheep,2013,4853520.533
Otago,Sheep,2014,4791904.145
Otago,Sheep,2015,4666562.378
Otago,Sheep,2016,4391912.563
Otago,Sheep,2017,4180411.206
Southland,Beef,1990,1202631.567
Southland,Beef,1991,1167197.284
Southland,Beef,1992,1107972.516
Southland,Beef,1993,1125289.926
Southland,Beef,1994,1305820.376
Southland,Beef,1995,1381820.981
Southland,Beef,1996,1315936.168
Southland,Beef,1997,0
Southland,Beef,1998,0
Southland,Beef,1999,1481779.701
Southland,Beef,2000,0
Southland,Beef,2001,0
Southland,Beef,2002,1313118.704
Southland,Beef,2003,1418673.667
Southland,Beef,2004,1395985.668
Southland,Beef,2005,1304453.552
Southland,Beef,2006,1319320.993
Southland,Beef,2007,1338379.17
Southland,Beef,2008,1228607.681
Southland,Beef,2009,1385695.8
Southland,Beef,2010,1200207.387
Southland,Beef,2011,1120525.382
Southland,Beef,2012,1109900.255
Southland,Beef,2013,1083343.884
Southland,Beef,2014,1121550.5
Southland,Beef,2015,1061984.026
Southland,Beef,2016,1091209.573
Southland,Beef,2017,1129570.924
Southland,Dairy,1990,463844.4818
Southland,Dairy,1991,539784.7094
Southland,Dairy,1992,647923.3969
Southland,Dairy,1993,870782.9134
Southland,Dairy,1994,1404574.927
Southland,Dairy,1995,1544912.074
Southland,Dairy,1996,1689154.298
Southland,Dairy,1997,0
Southland,Dairy,1998,0
Southland,Dairy,1999,2860849.136
Southland,Dairy,2000,0
Southland,Dairy,2001,0
Southland,Dairy,2002,4374422.358
Southland,Dairy,2003,4270937.834
Southland,Dairy,2004,4286017.814
Southland,Dairy,2005,4274400.826
Southland,Dairy,2006,4616230.091
Southland,Dairy,2007,5312893.262
Southland,Dairy,2008,6090580.628
Southland,Dairy,2009,7235246.933
Southland,Dairy,2010,7358219.999
Southland,Dairy,2011,7547947.767
Southland,Dairy,2012,8234811.407
Southland,Dairy,2013,7557526.256
Southland,Dairy,2014,8596559.017
Southland,Dairy,2015,8979330.184
Southland,Dairy,2016,8705311.71
Southland,Dairy,2017,8362893
Southland,Deer,1990,170859.9887
Southland,Deer,1991,206575.6675
Southland,Deer,1992,220306.753
Southland,Deer,1993,222591.5991
Southland,Deer,1994,253811.8674
Southland,Deer,1995,256155.8635
Southland,Deer,1996,262227.694
Southland,Deer,1997,0
Southland,Deer,1998,0
Southland,Deer,1999,541115.0932
Southland,Deer,2000,0
Southland,Deer,2001,0
Southland,Deer,2002,483597.7739
Southland,Deer,2003,491012.175
Southland,Deer,2004,537059.8698
Southland,Deer,2005,510856.3586
Southland,Deer,2006,478066.5482
Southland,Deer,2007,423025.2813
Southland,Deer,2008,371506.8865
Southland,Deer,2009,333287.6437
Southland,Deer,2010,338359.4242
Southland,Deer,2011,335473.4477
Southland,Deer,2012,327942.1219
Southland,Deer,2013,304537.9254
Southland,Deer,2014,306789.7574
Southland,Deer,2015,272202.058
Southland,Deer,2016,255396.5408
Southland,Deer,2017,264772.5255
Southland,Sheep,1990,6711811.865
Southland,Sheep,1991,6352378.73
Southland,Sheep,1992,6042256.128
Southland,Sheep,1993,5866288.141
Southland,Sheep,1994,5899432.85
Southland,Sheep,1995,5776936.894
Southland,Sheep,1996,5603816.13
Southland,Sheep,1997,0
Southland,Sheep,1998,0
Southland,Sheep,1999,5063305.186
Southland,Sheep,2000,0
Southland,Sheep,2001,0
Southland,Sheep,2002,4471587.816
Southland,Sheep,2003,4399929.328
Southland,Sheep,2004,4483807.805
Southland,Sheep,2005,4471565.273
Southland,Sheep,2006,4455134.19
Southland,Sheep,2007,4254968.942
Southland,Sheep,2008,3561097.216
Southland,Sheep,2009,3423735.436
Southland,Sheep,2010,3454641.592
Southland,Sheep,2011,3090638.173
Southland,Sheep,2012,3273612.627
Southland,Sheep,2013,3299430.754
Southland,Sheep,2014,3230620.239
Southland,Sheep,2015,3060605.946
Southland,Sheep,2016,2788973.828
Southland,Sheep,2017,2996229.705
Taranaki,Beef,1990,1922913.551
Taranaki,Beef,1991,1920961.836
Taranaki,Beef,1992,1883041.224
Taranaki,Beef,1993,1767437.939
Taranaki,Beef,1994,1905226.822
Taranaki,Beef,1995,1855342.307
Taranaki,Beef,1996,1563059.182
Taranaki,Beef,1997,0
Taranaki,Beef,1998,0
Taranaki,Beef,1999,1355901.712
Taranaki,Beef,2000,0
Taranaki,Beef,2001,0
Taranaki,Beef,2002,1402786.982
Taranaki,Beef,2003,1336252.241
Taranaki,Beef,2004,1355802.472
Taranaki,Beef,2005,1443773
Taranaki,Beef,2006,1426494.256
Taranaki,Beef,2007,1507506.974
Taranaki,Beef,2008,1456530.821
Taranaki,Beef,2009,1393061.486
Taranaki,Beef,2010,1474118.311
Taranaki,Beef,2011,1308112.258
Taranaki,Beef,2012,1141764.379
Taranaki,Beef,2013,1306943.434
Taranaki,Beef,2014,1430982.098
Taranaki,Beef,2015,1414431.113
Taranaki,Beef,2016,1175649.242
Taranaki,Beef,2017,1300636.197
Taranaki,Dairy,1990,11653273.24
Taranaki,Dairy,1991,11612588.24
Taranaki,Dairy,1992,11841839.75
Taranaki,Dairy,1993,11632185.75
Taranaki,Dairy,1994,12397605.99
Taranaki,Dairy,1995,12800317.15
Taranaki,Dairy,1996,12700032.55
Taranaki,Dairy,1997,0
Taranaki,Dairy,1998,0
Taranaki,Dairy,1999,12588655.8
Taranaki,Dairy,2000,0
Taranaki,Dairy,2001,0
Taranaki,Dairy,2002,13486478.2
Taranaki,Dairy,2003,12902050.35
Taranaki,Dairy,2004,13760098.3
Taranaki,Dairy,2005,12739248.26
Taranaki,Dairy,2006,12388997.16
Taranaki,Dairy,2007,12200803.15
Taranaki,Dairy,2008,11826898.46
Taranaki,Dairy,2009,12570465.51
Taranaki,Dairy,2010,13366264.99
Taranaki,Dairy,2011,12940458.98
Taranaki,Dairy,2012,12507285.8
Taranaki,Dairy,2013,12313400.86
Taranaki,Dairy,2014,12125786.3
Taranaki,Dairy,2015,11214885.1
Taranaki,Dairy,2016,11496348.33
Taranaki,Dairy,2017,12227147
Taranaki,Deer,1990,46793.60006
Taranaki,Deer,1991,47388.67925
Taranaki,Deer,1992,52790.70156
Taranaki,Deer,1993,47150.18448
Taranaki,Deer,1994,44049.75247
Taranaki,Deer,1995,36665.67653
Taranaki,Deer,1996,30129.06745
Taranaki,Deer,1997,0
Taranaki,Deer,1998,0
Taranaki,Deer,1999,33405.47618
Taranaki,Deer,2000,0
Taranaki,Deer,2001,0
Taranaki,Deer,2002,24919.23024
Taranaki,Deer,2003,20973.64686
Taranaki,Deer,2004,15483.63618
Taranaki,Deer,2005,11049.48585
Taranaki,Deer,2006,10683.6395
Taranaki,Deer,2007,10317.79316
Taranaki,Deer,2008,8159.76281
Taranaki,Deer,2009,9947.315843
Taranaki,Deer,2010,10345.57895
Taranaki,Deer,2011,12478.13898
Taranaki,Deer,2012,8696.954913
Taranaki,Deer,2013,13960.04823
Taranaki,Deer,2014,12049.77459
Taranaki,Deer,2015,7666.564887
Taranaki,Deer,2016,8757.157476
Taranaki,Deer,2017,9259.617332
Taranaki,Sheep,1990,1834337.796
Taranaki,Sheep,1991,1701289.822
Taranaki,Sheep,1992,1590767.282
Taranaki,Sheep,1993,1380877.553
Taranaki,Sheep,1994,1289390.066
Taranaki,Sheep,1995,1209688.786
Taranaki,Sheep,1996,1143351.522
Taranaki,Sheep,1997,0
Taranaki,Sheep,1998,0
Taranaki,Sheep,1999,1089419.318
Taranaki,Sheep,2000,0
Taranaki,Sheep,2001,0
Taranaki,Sheep,2002,930462.2255
Taranaki,Sheep,2003,886435.6643
Taranaki,Sheep,2004,916855.4706
Taranaki,Sheep,2005,905205.3036
Taranaki,Sheep,2006,917973.1398
Taranaki,Sheep,2007,875121.5983
Taranaki,Sheep,2008,850122.0871
Taranaki,Sheep,2009,717348.8619
Taranaki,Sheep,2010,778189.8083
Taranaki,Sheep,2011,742865.8618
Taranaki,Sheep,2012,579376.7413
Taranaki,Sheep,2013,716688.6635
Taranaki,Sheep,2014,669874.5982
Taranaki,Sheep,2015,666653.6304
Taranaki,Sheep,2016,579284.7136
Taranaki,Sheep,2017,663539.3614
Tasman,Beef,1990,701337.1383
Tasman,Beef,1991,701337.1383
Tasman,Beef,1992,701337.1383
Tasman,Beef,1993,701337.1383
Tasman,Beef,1994,792081.21
Tasman,Beef,1995,797525.3627
Tasman,Beef,1996,742665.9997
Tasman,Beef,1997,0
Tasman,Beef,1998,0
Tasman,Beef,1999,704446.3271
Tasman,Beef,2000,0
Tasman,Beef,2001,0
Tasman,Beef,2002,602568.1642
Tasman,Beef,2003,690104.7328
Tasman,Beef,2004,568047.566
Tasman,Beef,2005,555745.9929
Tasman,Beef,2006,562345.3383
Tasman,Beef,2007,632013.2882
Tasman,Beef,2008,612854.2948
Tasman,Beef,2009,731740.8264
Tasman,Beef,2010,611797.4164
Tasman,Beef,2011,569669.7514
Tasman,Beef,2012,493402.456
Tasman,Beef,2013,519443.4485
Tasman,Beef,2014,476676.7408
Tasman,Beef,2015,510386.2463
Tasman,Beef,2016,450303.9377
Tasman,Beef,2017,489174.9424
Tasman,Dairy,1990,1297212.479
Tasman,Dairy,1991,1297212.479
Tasman,Dairy,1992,1297212.479
Tasman,Dairy,1993,1297212.479
Tasman,Dairy,1994,1368785.707
Tasman,Dairy,1995,1462776.105
Tasman,Dairy,1996,1517397.046
Tasman,Dairy,1997,0
Tasman,Dairy,1998,0
Tasman,Dairy,1999,2069294.387
Tasman,Dairy,2000,0
Tasman,Dairy,2001,0
Tasman,Dairy,2002,1881285.709
Tasman,Dairy,2003,1985369.41
Tasman,Dairy,2004,1975387.635
Tasman,Dairy,2005,1883014.396
Tasman,Dairy,2006,1840048.154
Tasman,Dairy,2007,1780241.152
Tasman,Dairy,2008,1970954.389
Tasman,Dairy,2009,2412661.86
Tasman,Dairy,2010,1982079.328
Tasman,Dairy,2011,2029897.047
Tasman,Dairy,2012,2006280.949
Tasman,Dairy,2013,2126926.589
Tasman,Dairy,2014,2174019.375
Tasman,Dairy,2015,2170980.231
Tasman,Dairy,2016,1700247.544
Tasman,Dairy,2017,1843394
Tasman,Deer,1990,83974.09044
Tasman,Deer,1991,83974.09044
Tasman,Deer,1992,83974.09044
Tasman,Deer,1993,83974.09044
Tasman,Deer,1994,101358.7764
Tasman,Deer,1995,94687.38194
Tasman,Deer,1996,95641.247
Tasman,Deer,1997,0
Tasman,Deer,1998,0
Tasman,Deer,1999,99708.61817
Tasman,Deer,2000,0
Tasman,Deer,2001,0
Tasman,Deer,2002,91098.35853
Tasman,Deer,2003,95027.03715
Tasman,Deer,2004,89247.23762
Tasman,Deer,2005,89861.44746
Tasman,Deer,2006,71554.03149
Tasman,Deer,2007,58398.05292
Tasman,Deer,2008,54647.69327
Tasman,Deer,2009,36906.36933
Tasman,Deer,2010,43085.26374
Tasman,Deer,2011,38695.22011
Tasman,Deer,2012,43985.35005
Tasman,Deer,2013,40359.53066
Tasman,Deer,2014,41140.73765
Tasman,Deer,2015,36037.41808
Tasman,Deer,2016,43150.36432
Tasman,Deer,2017,29289.60118
Tasman,Sheep,1990,694227.9897
Tasman,Sheep,1991,694227.9897
Tasman,Sheep,1992,694227.9897
Tasman,Sheep,1993,694227.9897
Tasman,Sheep,1994,626468.4007
Tasman,Sheep,1995,603497.5241
Tasman,Sheep,1996,597748.5384
Tasman,Sheep,1997,0
Tasman,Sheep,1998,0
Tasman,Sheep,1999,639451.1704
Tasman,Sheep,2000,0
Tasman,Sheep,2001,0
Tasman,Sheep,2002,525267.6742
Tasman,Sheep,2003,594103.6313
Tasman,Sheep,2004,499888.9767
Tasman,Sheep,2005,480493.7067
Tasman,Sheep,2006,477055.2264
Tasman,Sheep,2007,513833.1053
Tasman,Sheep,2008,498561.9474
Tasman,Sheep,2009,483289.315
Tasman,Sheep,2010,467850.0667
Tasman,Sheep,2011,368088.4297
Tasman,Sheep,2012,408248.7588
Tasman,Sheep,2013,392001.4971
Tasman,Sheep,2014,357846.7127
Tasman,Sheep,2015,523081.0249
Tasman,Sheep,2016,373262.3693
Tasman,Sheep,2017,386133.0788
Waikato,Beef,1990,9109813.106
Waikato,Beef,1991,9174486.627
Waikato,Beef,1992,8985583.249
Waikato,Beef,1993,10260266.62
Waikato,Beef,1994,10449854.7
Waikato,Beef,1995,10381193.13
Waikato,Beef,1996,9268421.792
Waikato,Beef,1997,0
Waikato,Beef,1998,0
Waikato,Beef,1999,8161140.01
Waikato,Beef,2000,0
Waikato,Beef,2001,0
Waikato,Beef,2002,8010723.624
Waikato,Beef,2003,8363268.786
Waikato,Beef,2004,7845243.977
Waikato,Beef,2005,8127421.85
Waikato,Beef,2006,7943179.195
Waikato,Beef,2007,8127241.668
Waikato,Beef,2008,6924547.224
Waikato,Beef,2009,7183301.367
Waikato,Beef,2010,6430714.925
Waikato,Beef,2011,6190567.633
Waikato,Beef,2012,6076584.157
Waikato,Beef,2013,6025472.376
Waikato,Beef,2014,5637683.509
Waikato,Beef,2015,5567856.768
Waikato,Beef,2016,5990012.452
Waikato,Beef,2017,5862335.102
Waikato,Dairy,1990,28092851.14
Waikato,Dairy,1991,27534311.95
Waikato,Dairy,1992,27344171.42
Waikato,Dairy,1993,30577308.63
Waikato,Dairy,1994,31634270.82
Waikato,Dairy,1995,33518490.67
Waikato,Dairy,1996,34173013.31
Waikato,Dairy,1997,0
Waikato,Dairy,1998,0
Waikato,Dairy,1999,33077279.26
Waikato,Dairy,2000,0
Waikato,Dairy,2001,0
Waikato,Dairy,2002,36603229.81
Waikato,Dairy,2003,36964895.1
Waikato,Dairy,2004,37092058.87
Waikato,Dairy,2005,37986804.19
Waikato,Dairy,2006,38185504.46
Waikato,Dairy,2007,36735828.68
Waikato,Dairy,2008,37790920.5
Waikato,Dairy,2009,39312704.89
Waikato,Dairy,2010,38675565.77
Waikato,Dairy,2011,39515277.94
Waikato,Dairy,2012,40320531.13
Waikato,Dairy,2013,40441071.56
Waikato,Dairy,2014,42127163.25
Waikato,Dairy,2015,38770735.06
Waikato,Dairy,2016,40822012.76
Waikato,Dairy,2017,41183414
Waikato,Deer,1990,400651.3381
Waikato,Deer,1991,415750.7782
Waikato,Deer,1992,398920.325
Waikato,Deer,1993,415706.4601
Waikato,Deer,1994,422317.679
Waikato,Deer,1995,367235.4847
Waikato,Deer,1996,387971.1453
Waikato,Deer,1997,0
Waikato,Deer,1998,0
Waikato,Deer,1999,400560.095
Waikato,Deer,2000,0
Waikato,Deer,2001,0
Waikato,Deer,2002,373048.9777
Waikato,Deer,2003,364513.8315
Waikato,Deer,2004,376620.4958
Waikato,Deer,2005,368922.1797
Waikato,Deer,2006,330000.4531
Waikato,Deer,2007,303850.1624
Waikato,Deer,2008,239487.2349
Waikato,Deer,2009,254198.2398
Waikato,Deer,2010,218858.459
Waikato,Deer,2011,200633.2889
Waikato,Deer,2012,211212.2819
Waikato,Deer,2013,205810.6867
Waikato,Deer,2014,196342.2532
Waikato,Deer,2015,181248.027
Waikato,Deer,2016,166351.9288
Waikato,Deer,2017,163492.1074
Waikato,Sheep,1990,6379545.89
Waikato,Sheep,1991,5672751.596
Waikato,Sheep,1992,5227590.814
Waikato,Sheep,1993,5366297.81
Waikato,Sheep,1994,5145556.573
Waikato,Sheep,1995,5015707.192
Waikato,Sheep,1996,4805455.836
Waikato,Sheep,1997,0
Waikato,Sheep,1998,0
Waikato,Sheep,1999,4088762.358
Waikato,Sheep,2000,0
Waikato,Sheep,2001,0
Waikato,Sheep,2002,3698851.806
Waikato,Sheep,2003,3437359.547
Waikato,Sheep,2004,3506188.694
Waikato,Sheep,2005,3645723.238
Waikato,Sheep,2006,3862342.431
Waikato,Sheep,2007,3795512.24
Waikato,Sheep,2008,3094276.784
Waikato,Sheep,2009,2999013.193
Waikato,Sheep,2010,2828521.228
Waikato,Sheep,2011,2622894.152
Waikato,Sheep,2012,2534784.569
Waikato,Sheep,2013,2748113.546
Waikato,Sheep,2014,2424492.425
Waikato,Sheep,2015,2348537.806
Waikato,Sheep,2016,2377613.27
Waikato,Sheep,2017,2110134.131
Wellington,Beef,1990,1747965.975
Wellington,Beef,1991,1834020.888
Wellington,Beef,1992,1980911.182
Wellington,Beef,1993,2080320.718
Wellington,Beef,1994,2247031.641
Wellington,Beef,1995,2313170.837
Wellington,Beef,1996,2132164.973
Wellington,Beef,1997,0
Wellington,Beef,1998,0
Wellington,Beef,1999,1921723.997
Wellington,Beef,2000,0
Wellington,Beef,2001,0
Wellington,Beef,2002,1915712.304
Wellington,Beef,2003,1862568.509
Wellington,Beef,2004,1840550.285
Wellington,Beef,2005,1807047.507
Wellington,Beef,2006,1861659.887
Wellington,Beef,2007,1647246.334
Wellington,Beef,2008,1483176.753
Wellington,Beef,2009,1550932.45
Wellington,Beef,2010,1515052.465
Wellington,Beef,2011,1590732.187
Wellington,Beef,2012,1483588.803
Wellington,Beef,2013,1389039.335
Wellington,Beef,2014,1567572.903
Wellington,Beef,2015,1282963.053
Wellington,Beef,2016,1170653.204
Wellington,Beef,2017,1425521.547
Wellington,Dairy,1990,1158266.046
Wellington,Dairy,1991,1242448.335
Wellington,Dairy,1992,1374298.104
Wellington,Dairy,1993,1424096.078
Wellington,Dairy,1994,1554982.494
Wellington,Dairy,1995,1711360.73
Wellington,Dairy,1996,1729645.924
Wellington,Dairy,1997,0
Wellington,Dairy,1998,0
Wellington,Dairy,1999,1802286.495
Wellington,Dairy,2000,0
Wellington,Dairy,2001,0
Wellington,Dairy,2002,2059724.236
Wellington,Dairy,2003,2074415.379
Wellington,Dairy,2004,1760343.559
Wellington,Dairy,2005,1765049.171
Wellington,Dairy,2006,1913553.843
Wellington,Dairy,2007,1718974.93
Wellington,Dairy,2008,1917907.461
Wellington,Dairy,2009,1580844.835
Wellington,Dairy,2010,1711342.204
Wellington,Dairy,2011,2114190.77
Wellington,Dairy,2012,2004034.984
Wellington,Dairy,2013,2012797.797
Wellington,Dairy,2014,1808122.195
Wellington,Dairy,2015,2037715.31
Wellington,Dairy,2016,2047923.153
Wellington,Dairy,2017,1793394
Wellington,Deer,1990,64278.68829
Wellington,Deer,1991,70249.98026
Wellington,Deer,1992,76788.71957
Wellington,Deer,1993,75077.6476
Wellington,Deer,1994,87974.70707
Wellington,Deer,1995,79169.0884
Wellington,Deer,1996,78819.89004
Wellington,Deer,1997,0
Wellington,Deer,1998,0
Wellington,Deer,1999,76942.94885
Wellington,Deer,2000,0
Wellington,Deer,2001,0
Wellington,Deer,2002,79800.55543
Wellington,Deer,2003,75138.75732
Wellington,Deer,2004,75083.46758
Wellington,Deer,2005,70602.08861
Wellington,Deer,2006,66120.70964
Wellington,Deer,2007,46516.13166
Wellington,Deer,2008,49094.37956
Wellington,Deer,2009,46740.20061
Wellington,Deer,2010,54763.03295
Wellington,Deer,2011,50537.73279
Wellington,Deer,2012,40544.83969
Wellington,Deer,2013,52193.51502
Wellington,Deer,2014,60315.28689
Wellington,Deer,2015,58941.77334
Wellington,Deer,2016,51716.27726
Wellington,Deer,2017,30953.52471
Wellington,Sheep,1990,3159695.515
Wellington,Sheep,1991,3111061.295
Wellington,Sheep,1992,2994099.866
Wellington,Sheep,1993,2823505.2
Wellington,Sheep,1994,2677273.896
Wellington,Sheep,1995,2647547.574
Wellington,Sheep,1996,2575158.588
Wellington,Sheep,1997,0
Wellington,Sheep,1998,0
Wellington,Sheep,1999,2763888.234
Wellington,Sheep,2000,0
Wellington,Sheep,2001,0
Wellington,Sheep,2002,2206202.616
Wellington,Sheep,2003,2166450.263
Wellington,Sheep,2004,2365528.497
Wellington,Sheep,2005,2481833.858
Wellington,Sheep,2006,2449568.468
Wellington,Sheep,2007,2217797.61
Wellington,Sheep,2008,2165689.517
Wellington,Sheep,2009,2019723.562
Wellington,Sheep,2010,1988748.399
Wellington,Sheep,2011,2002439.402
Wellington,Sheep,2012,2026497.249
Wellington,Sheep,2013,1914628.562
Wellington,Sheep,2014,1898273.12
Wellington,Sheep,2015,1728988.155
Wellington,Sheep,2016,1622718.562
Wellington,Sheep,2017,1840494.119
West Coast,Beef,1990,1420410.001
West Coast,Beef,1991,1401468.882
West Coast,Beef,1992,1353516.925
West Coast,Beef,1993,1355797.591
West Coast,Beef,1994,1309121.261
West Coast,Beef,1995,1275143.212
West Coast,Beef,1996,1158326.758
West Coast,Beef,1997,0
West Coast,Beef,1998,0
West Coast,Beef,1999,1012074.258
West Coast,Beef,2000,0
West Coast,Beef,2001,0
West Coast,Beef,2002,752001.0929
West Coast,Beef,2003,714505.4077
West Coast,Beef,2004,604453.6388
West Coast,Beef,2005,623800.6393
West Coast,Beef,2006,716998.6775
West Coast,Beef,2007,585145.2937
West Coast,Beef,2008,670921.5055
West Coast,Beef,2009,693708.8317
West Coast,Beef,2010,614929.2375
West Coast,Beef,2011,570765.5051
West Coast,Beef,2012,560541.1662
West Coast,Beef,2013,507196.7893
West Coast,Beef,2014,788124.5133
West Coast,Beef,2015,706368.4574
West Coast,Beef,2016,616591.4173
West Coast,Beef,2017,530003.4432
West Coast,Dairy,1990,2538386.463
West Coast,Dairy,1991,2578489.655
West Coast,Dairy,1992,2600568.056
West Coast,Dairy,1993,2763224.086
West Coast,Dairy,1994,3118957.899
West Coast,Dairy,1995,3351351.767
West Coast,Dairy,1996,3582210.772
West Coast,Dairy,1997,0
West Coast,Dairy,1998,0
West Coast,Dairy,1999,4761693.28
West Coast,Dairy,2000,0
West Coast,Dairy,2001,0
West Coast,Dairy,2002,4905261.922
West Coast,Dairy,2003,4823874.874
West Coast,Dairy,2004,5564898.436
West Coast,Dairy,2005,5603033.856
West Coast,Dairy,2006,5853334.449
West Coast,Dairy,2007,6000956.7
West Coast,Dairy,2008,6016226.611
West Coast,Dairy,2009,7060995.451
West Coast,Dairy,2010,6328000.399
West Coast,Dairy,2011,7056745.064
West Coast,Dairy,2012,6834111.345
West Coast,Dairy,2013,7040963.533
West Coast,Dairy,2014,7415233.758
West Coast,Dairy,2015,7174417.826
West Coast,Dairy,2016,7121602.827
West Coast,Dairy,2017,6147477
West Coast,Deer,1990,110169.5615
West Coast,Deer,1991,132374.5125
West Coast,Deer,1992,132903.0995
West Coast,Deer,1993,121050.718
West Coast,Deer,1994,111725.2403
West Coast,Deer,1995,118811.7439
West Coast,Deer,1996,125898.2475
West Coast,Deer,1997,0
West Coast,Deer,1998,0
West Coast,Deer,1999,147162.0558
West Coast,Deer,2000,0
West Coast,Deer,2001,0
West Coast,Deer,2002,142941.9548
West Coast,Deer,2003,152503.7926
West Coast,Deer,2004,188129.6962
West Coast,Deer,2005,206595.8612
West Coast,Deer,2006,206462.6401
West Coast,Deer,2007,179440.2418
West Coast,Deer,2008,150217.5465
West Coast,Deer,2009,172594.3957
West Coast,Deer,2010,138915.2393
West Coast,Deer,2011,130702.8024
West Coast,Deer,2012,146869.8289
West Coast,Deer,2013,140638.5188
West Coast,Deer,2014,135060.422
West Coast,Deer,2015,125799.406
West Coast,Deer,2016,123874.1461
West Coast,Deer,2017,121789.8803
West Coast,Sheep,1990,761150.5091
West Coast,Sheep,1991,631644.0064
West Coast,Sheep,1992,598398.3074
West Coast,Sheep,1993,576426.2868
West Coast,Sheep,1994,525677.7407
West Coast,Sheep,1995,537092.2187
West Coast,Sheep,1996,419641.0751
West Coast,Sheep,1997,0
West Coast,Sheep,1998,0
West Coast,Sheep,1999,252072.556
West Coast,Sheep,2000,0
West Coast,Sheep,2001,0
West Coast,Sheep,2002,224570.5096
West Coast,Sheep,2003,203863.2578
West Coast,Sheep,2004,198918.2787
West Coast,Sheep,2005,182039.3196
West Coast,Sheep,2006,189513.8364
West Coast,Sheep,2007,131317.4768
West Coast,Sheep,2008,104764.614
West Coast,Sheep,2009,104116.4503
West Coast,Sheep,2010,100800.3769
West Coast,Sheep,2011,84426.3543
West Coast,Sheep,2012,141005.946
West Coast,Sheep,2013,79809.09839
West Coast,Sheep,2014,142358.1077
West Coast,Sheep,2015,59910.23054
West Coast,Sheep,2016,56193.60657
West Coast,Sheep,2017,98035.36408
